1,abd37534c7d9a2efb9465de931cd7055ffdb8879563ae98078d6d6d5
2,c681e18b81edaf2b66dd22376734dba5992e362bc3f91ab225854c17
3,1053463d383dc1e87f06fff34b3c6a2d340d91e184d46d70144ffa5a
4,06c9f71496e24dec6acc44895648cf9ec40b5cebb7bc4858a3c69f25
5,d5070e2f67ededca022f81f2941900606b16f3196b2268e856295f59
6,d4bf0e3ad56b3494897f5f0a1ce7b300e7dc8d838d1a384ce121bf7a
90,db3cda86d4429a1d39c148989566b38f7bda0156296bd364ba2f878b
karol,abd37534c7d9a2efb9465de931cd7055ffdb8879563ae98078d6d6d5
bill,387039ab1d80231d2bfcb7e1a36bf549b5dd58135508b3ae66861053
bob,387039ab1d80231d2bfcb7e1a36bf549b5dd58135508b3ae66861053
